Gemeinde,Region
Aadorf,2
Aarau,2
Aarberg,2
Aarburg,2
Aarwangen,3
Abtwil,3
Aclens,2
Acquarossa,3
Adelboden,2
Adligenswil,2
Adlikon,3
Adliswil,2
Aedermannsdorf,3
Aefligen,2
Aegerten,2
Aesch (BL),2
Aesch (LU),3
Aesch (ZH),3
Aeschi (SO),3
Aeschi bei Spiez,3
Aeugst am Albis,3
Affeltrangen,3
Affoltern am Albis,2
Affoltern im Emmental,3
Agarn,3
Agiez,3
Agno,2
Aigle,2
Aire-la-Ville,2
Airolo,3
Alberswil,3
Albinen,3
Albula/Alvra,3
Alchenstorf,3
Allaman,2
Alle,3
Allmendingen,3
Allschwil,2
Alpnach,3
Alpthal,3
Altbüron,3
Altdorf (UR),2
Altendorf,2
Alterswil,3
Altikon,3
Altishofen,2
Altnau,3
Alto Malcantone,3
Altstätten,2
Altwis,3
Amden,3
Amlikon-Bissegg,3
Ammerswil,3
Amriswil,2
Amsoldingen,3
Andeer,3
Andelfingen,2
Andermatt,3
Andwil (SG),2
Anières,2
Anniviers,3
Anwil,3
Appenzell,2
Apples,3
Aranno,3
Arbaz,2
Arbedo-Castione,2
Arboldswil,3
Arbon,2
Arch,2
Arconciel,2
Ardon,2
Arisdorf,2
Aristau,3
Arlesheim,2
Arnex-sur-Nyon,3
Arnex-sur-Orbe,3
Arni (AG),2
Arni (BE),3
Arogno,3
Arosa,2
Arth,2
Arzier-Le Muids,2
Ascona,2
Assens,3
Astano,3
Attalens,2
Attinghausen,2
Attiswil,3
Au (SG),2
Aubonne,2
Auboranges,3
Auenstein,2
Augst,2
Ausserberg,3
Auswil,3
Autigny,3
Auw,3
Avegno Gordevio,3
Avenches,3
Avers,3
Avry,2
Avully,3
Avusy,3
Ayent,2
Baar,2
Bachenbülach,2
Bachs,3
Bad Ragaz,2
Bad Zurzach,2
Baden,2
Bagnes,2
Baldingen,3
Balerna,2
Balgach,2
Ballaigues,3
Ballens,3
Ballwil,2
Balm bei Günsberg,3
Balsthal,3
Baltschieder,2
Bannwil,3
Bardonnex,2
Bäretswil,2
Bargen (BE),2
Bargen (SH),3
Bäriswil,2
Bärschwil,3
Basadingen-Schlattingen,3
Basel,1
Bas-Intyamon,3
Basse-Allaine,3
Bassersdorf,2
Bassins,2
Bätterkinden,2
Bättwil,2
Bauen,3
Baulmes,3
Bauma,3
Bavois,3
Beatenberg,3
Beckenried,3
Bedano,2
Bedigliora,2
Bedretto,3
Beggingen,3
Begnins,2
Beinwil (Freiamt),3
Beinwil (SO),3
Beinwil am See,2
Belfaux,2
Bellach,2
Bellevue,2
Bellikon,2
Bellinzona,2
Bellmund,2
Bellwald,3
Belmont-Broye,3
Belmont-sur-Lausanne,2
Belmont-sur-Yverdon,3
Belp,2
Belprahon,3
Benken (SG),3
Benken (ZH),3
Bennwil,3
Bercher,3
Berg (SG),2
Berg (TG),3
Berg am Irchel,2
Bergdietikon,2
Bergün Filisur,3
Berikon,2
Beringen,2
Berken,3
Berlingen,3
Bern,1
Berneck,2
Bernex,2
Berolle,3
Beromünster,2
Besenbüren,3
Bettenhausen,3
Bettens,3
Bettingen,2
Bettlach,2
Bettmeralp,3
Bettwiesen,3
Bettwil,3
Beurnevésin,3
Bever,3
Bex,2
Biasca,2
Biberist,2
Biberstein,2
Bichelsee-Balterswil,2
Biel/Bienne,2
Biel-Benken,2
Bière,3
Biezwil,3
Biglen,2
Billens-Hennens,3
Binn,3
Binningen,2
Bioggio,2
Bioley-Magnoux,3
Bioley-Orjulaz,3
Birmensdorf (ZH),2
Birmenstorf (AG),2
Birr,2
Birrhard,3
Birrwil,3
Birsfelden,2
Birwinken,3
Bischofszell,2
Bissone,3
Bister,3
Bitsch,2
Blatten,3
Blauen,3
Bleienbach,3
Blenio,3
Blonay,2
Blumenstein,2
Böbikon,3
Böckten,2
Bodio,3
Boécourt,3
Bofflens,3
Bogis-Bossey,2
Bolken,3
Bolligen,2
Boltigen,3
Bonaduz,2
Boncourt,3
Bonfol,3
Bönigen,2
Boningen,3
Boniswil,3
Bonstetten,2
Bonvillars,3
Boppelsen,3
Borex,2
Bosco/Gurin,3
Bösingen,2
Bossonnens,2
Boswil,3
Bottens,3
Bottenwil,3
Botterens,3
Bottighofen,2
Bottmingen,2
Böttstein,2
Boudry,2
Bougy-Villars,3
Boulens,3
Bourg-en-Lavaux,2
Bourg-Saint-Pierre,3
Bournens,3
Bourrignon,3
Boussens,3
Bovernier,3
Bowil,3
Bözberg,3
Bözen,3
Braunau,3
Bregaglia,3
Breggia,3
Breil/Brigels,3
Breitenbach,2
Bremblens,3
Bremgarten (AG),2
Bremgarten bei Bern,2
Brenzikofen,3
Bretigny-sur-Morrens,2
Bretonnières,3
Bretzwil,3
Brienz (BE),2
Brienzwiler,3
Brig-Glis,2
Brione (Verzasca),3
Brione sopra Minusio,2
Brislach,2
Brissago,2
Brittnau,2
Broc,2
Brot-Plamboz,3
Brugg,2
Brügg,2
Brunegg,2
Brünisried,2
Brusino Arsizio,3
Brusio,3
Brüttelen,3
Brütten,2
Bubendorf,2
Bubikon,2
Buch (SH),3
Buch am Irchel,3
Buchberg,3
Buchegg,3
Buchholterberg,3
Buchillon,2
Buchrain,2
Buchs (AG),2
Buchs (SG),2
Buchs (ZH),2
Buckten,3
Büetigen,2
Bühl,3
Bühler,3
Bülach,2
Bulle,2
Bullet,3
Bünzen,2
Buochs,3
Bürchen,3
Bure,3
Büren (SO),3
Büren an der Aare,2
Burg (AG),2
Burg im Leimental,3
Burgdorf,2
Burgistein,3
Bürglen (TG),3
Bürglen (UR),2
Büron,3
Bursinel,3
Bursins,2
Burtigny,3
Buseno,3
Büsserach,2
Bussigny,2
Bussnang,3
Busswil bei Melchnau,3
Bussy-Chardonney,3
Bussy-sur-Moudon,3
Bütschwil-Ganterschwil,3
Büttenhardt,3
Büttikon,2
Buttisholz,3
Buttwil,3
Buus,3
Cademario,3
Cadempino,2
Cadenazzo,2
Calanca,3
Cama,3
Campo (Vallemaggia),3
Canobbio,2
Capriasca,2
Carouge (GE),2
Cartigny,3
Caslano,2
Castaneda,3
Castel San Pietro,2
Casti-Wergenstein,3
Cazis,2
Celerina/Schlarigna,3
Céligny,2
Centovalli,3
Cerentino,3
Cevio,3
Chalais,2
Cham,2
Chamblon,2
Chamoson,3
Champagne,3
Champéry,3
Champoz,3
Champtauroz,3
Champvent,3
Chancy,3
Chapelle (Glâne),3
Chardonne,2
Charrat,2
Château-d'Oex,2
Châtel-Saint-Denis,2
Châtel-sur-Montsalvens,3
Châtillon (FR),3
Châtillon (JU),3
Châtonnaye,3
Chavannes-de-Bogis,2
Chavannes-des-Bois,3
Chavannes-le-Chêne,3
Chavannes-le-Veyron,3
Chavannes-près-Renens,2
Chavannes-sur-Moudon,3
Chavornay,2
Cheiry,3
Chêne-Bougeries,2
Chêne-Bourg,2
Chénens,3
Chêne-Pâquier,3
Cheseaux-Noréaz,2
Cheseaux-sur-Lausanne,2
Chéserex,2
Chessel,3
Chevilly,3
Chevroux,3
Chexbres,2
Cheyres-Châbles,3
Chiasso,2
Chigny,2
Chippis,2
Choulex,2
Chur,2
Churwalden,3
Clarmont,3
Clavaleyres,3
Clos du Doubs,3
Coeuve,3
Coinsins,3
Coldrerio,2
Collex-Bossy,2
Collina d'Oro,2
Collombey-Muraz,2
Collonge-Bellerive,2
Collonges,3
Cologny,2
Comano,2
Commugny,2
Concise,3
Confignon,2
Conters im Prättigau,3
Conthey,2
Coppet,2
Corbeyrier,3
Corbières,3
Corcelles (BE),3
Corcelles-Cormondrèche,2
Corcelles-le-Jorat,3
Corcelles-près-Concise,3
Corcelles-près-Payerne,2
Corgémont,3
Corippo,3
Corminboeuf,2
Cormoret,3
Cornaux,2
Cornol,3
Corseaux,2
Corsier (GE),2
Corsier-sur-Vevey,2
Cortaillod,2
Cortébert,3
Cossonay,2
Cottens (FR),3
Cottens (VD),3
Courchapoix,3
Courchavon,3
Courgenay,3
Courgevaux,2
Courrendlin,2
Courroux,2
Court,3
Courtedoux,3
Courtelary,3
Courtepin,2
Courtételle,2
Crans-Montana,2
Crans-près-Céligny,2
Crassier,2
Crémines,3
Cressier (FR),3
Cressier (NE),2
Crésuz,3
Crissier,2
Croglio,2
Cronay,3
Croy,3
Cuarnens,3
Cuarny,3
Cudrefin,3
Cugnasco-Gerra,2
Cugy (FR),3
Cugy (VD),2
Cureglia,2
Curio,2
Curtilles,3
Dachsen,2
Dägerlen,3
Dagmersellen,3
Daillens,3
Dallenwil,3
Dällikon,2
Dalpe,3
Damphreux,3
Däniken,2
Dänikon,2
Dardagny,3
Därligen,3
Därstetten,3
Dättlikon,3
Davos,2
Degersheim,2
Deisswil bei Münchenbuchsee,2
Deitingen,2
Delémont,2
Delley-Portalban,3
Démoret,3
Denens,2
Denges,2
Densbüren,3
Derendingen,2
Develier,3
Diegten,3
Dielsdorf,2
Diemerswil,3
Diemtigen,3
Diepflingen,2
Diepoldsau,2
Dierikon,2
Diessbach bei Büren,3
Diessenhofen,3
Dietikon,2
Dietlikon,2
Dietwil,3
Dinhard,3
Dintikon,2
Disentis/Mustér,3
Dittingen,2
Dizy,3
Domat/Ems,2
Domleschg,3
Dompierre (VD),3
Donat,3
Donneloye,3
Doppleschwand,3
Dorénaz,3
Dorf,3
Dörflingen,3
Dornach,2
Dottikon,2
Döttingen,2
Dotzigen,2
Dozwil,3
Drei Höfe,3
Dübendorf,2
Düdingen,2
Duggingen,2
Duillier,3
Dulliken,2
Dully,3
Dürnten,2
Dürrenäsch,3
Dürrenroth,3
Ebikon,2
Ebnat-Kappel,2
Echallens,2
Echandens,2
Echarlens,2
Echichens,2
Eclépens,2
Ecublens (FR),3
Ecublens (VD),2
Ederswiler,3
Effingen,3
Egerkingen,3
Egg,2
Eggenwil,2
Eggerberg,2
Eggersriet,3
Eggiwil,3
Eglisau,2
Egliswil,3
Egnach,2
Egolzwil,3
Ehrendingen,2
Eich,3
Eichberg,3
Eiken,2
Einsiedeln,2
Eischoll,3
Eisten,3
Elfingen,3
Elgg,2
Ellikon an der Thur,3
Elsau,2
Embd,3
Embrach,2
Emmen,2
Emmetten,3
Endingen,2
Engelberg,2
Enges,3
Ennetbaden,2
Ennetbürgen,3
Ennetmoos,3
Entlebuch,3
Epalinges,2
Ependes (FR),3
Ependes (VD),3
Eppenberg-Wöschnau,2
Epsach,3
Eptingen,3
Ergisch,3
Eriswil,3
Eriz,3
Erlach,3
Erlen,3
Erlenbach (ZH),2
Erlenbach im Simmental,3
Erlinsbach (AG),2
Erlinsbach (SO),2
Ermatingen,3
Ermensee,3
Ernen,3
Erschwil,3
Ersigen,2
Erstfeld,2
Eschenbach (LU),2
Eschenbach (SG),2
Eschenz,2
Eschert,2
Eschlikon,2
Escholzmatt-Marbach,3
Essertes,3
Essertines-sur-Rolle,3
Essertines-sur-Yverdon,3
Estavayer,2
Etagnières,2
Etoy,2
Ettingen,2
Ettiswil,3
Etziken,3
Evilard,2
Evionnaz,3
Evolène,3
Eysins,2
Fahrni,3
Fahrwangen,3
Fahy,3
Faido,3
Falera,3
Fällanden,2
Faoug,3
Farnern,3
Féchy,3
Fehraltorf,2
Fehren,2
Felben-Wellhausen,2
Feldbrunnen-St. Niklaus,2
Felsberg,2
Ferden,3
Ferenbalm,3
Ferpicloz,2
Ferrera,3
Ferreyres,3
Fétigny,3
Feuerthalen,2
Feusisberg,2
Fey,3
Fideris,3
Fiesch,3
Fieschertal,3
Fiez,3
Finhaut,3
Finsterhennen,3
Fischbach,3
Fischbach-Göslikon,2
Fischenthal,3
Fischingen,3
Fisibach,2
Fislisbach,2
Flaach,2
Fläsch,3
Flawil,2
Flerden,3
Flims,2
Flüelen,2
Flühli,3
Flumenthal,3
Flums,2
Flurlingen,2
Fontaines-sur-Grandson,3
Fontenais,2
Forel (Lavaux),3
Forst-Längenbühl,2
Founex,2
Fräschels,3
Frasco,3
Fraubrunnen,2
Frauenfeld,2
Frauenkappelen,3
Freienbach,2
Freienstein-Teufen,2
Freienwil,3
Freimettigen,2
Frenkendorf,2
Fribourg,2
Frick,2
Froideville,2
Frutigen,2
Fulenbach,3
Füllinsdorf,2
Full-Reuenthal,3
Fully,2
Furna,3
Fürstenau,3
Gächlingen,3
Gachnang,2
Gais,3
Gaiserwald,2
Galgenen,2
Galmiz,3
Gals,2
Gambarogno,3
Gampel-Bratsch,2
Gampelen,3
Gams,2
Gänsbrunnen,3
Gansingen,3
Gebenstorf,2
Gelterkinden,2
Geltwil,3
Gempen,3
Gempenach,3
Genève,1
Genolier,2
Genthod,2
Gerlafingen,2
Geroldswil,2
Gersau,3
Gerzensee,3
Gettnau,3
Geuensee,3
Gibloux,3
Giebenach,3
Giez,3
Giffers,2
Gilly,2
Gimel,2
Gingins,2
Giornico,3
Gipf-Oberfrick,2
Gisikon,2
Giswil,3
Givisiez,2
Givrins,2
Gland,2
Glarus,2
Glarus Nord,2
Glarus Süd,3
Glattfelden,2
Gletterens,3
Goldach,2
Gollion,3
Gommiswald,3
Goms,3
Gondiswil,3
Gonten,3
Gontenschwil,3
Gordola,2
Göschenen,3
Gossau (SG),2
Gossau (ZH),2
Gottlieben,2
Goumoëns,3
Graben,3
Grabs,2
Grächen,3
Grancia,2
Grancy,3
Grandcour,3
Grandevent,3
Grandfontaine,3
Grandson,2
Grandval,3
Grandvillard,3
Granges (Veveyse),3
Granges-Paccot,2
Grangettes,3
Gränichen,2
Gravesano,2
Greifensee,2
Grellingen,2
Grenchen,2
Greng,3
Grengiols,3
Grens,2
Greppen,3
Gretzenbach,2
Grimisuat,2
Grindel,3
Grindelwald,2
Grolley,2
Grône,2
Grono,3
Grossaffoltern,3
Grossdietwil,3
Grosshöchstetten,2
Grosswangen,3
Grub (AR),2
Grüningen,2
Grüsch,3
Gruyères,2
Gryon,3
Gsteig,3
Gsteigwiler,3
Guggisberg,3
Gündlischwand,3
Günsberg,3
Gunzgen,3
Gurbrü,3
Gurmels,2
Gurtnellen,3
Gurzelen,2
Guttannen,3
Guttet-Feschel,3
Güttingen,3
Gy,2
Habkern,3
Habsburg,3
Häfelfingen,3
Hagenbuch,3
Hägendorf,2
Häggenschwil,3
Hägglingen,2
Hagneck,2
Haldenstein,2
Hallau,3
Hallwil,3
Halten,2
Härkingen,3
Hasle (LU),3
Hasle bei Burgdorf,3
Hasliberg,3
Hauenstein-Ifenthal,3
Hauptwil-Gottshaus,3
Hausen (AG),2
Hausen am Albis,2
Haute-Ajoie,3
Hauterive (FR),2
Hauterive (NE),2
Haute-Sorne,3
Hauteville,3
Haut-Intyamon,3
Häutligen,3
Hedingen,2
Hefenhofen,2
Heiden,2
Heiligenschwendi,3
Heimberg,2
Heimenhausen,3
Heimiswil,3
Heitenried,3
Hellikon,2
Hellsau,3
Hemberg,3
Hemishofen,3
Hemmiken,3
Hendschiken,2
Henggart,2
Henniez,3
Herbetswil,3
Herbligen,3
Herdern,3
Hérémence,3
Hergiswil (NW),2
Hergiswil bei Willisau,3
Herisau,2
Hermance,2
Hermenches,3
Hermrigen,3
Herrliberg,2
Hersberg,3
Herznach,2
Herzogenbuchsee,2
Hettlingen,2
Hildisrieden,2
Hilterfingen,2
Himmelried,3
Hindelbank,2
Hinwil,2
Hirschthal,2
Hittnau,2
Hitzkirch,2
Hochdorf,2
Hochfelden,2
Höchstetten,3
Hochwald,3
Hofstetten bei Brienz,3
Hofstetten-Flüh,2
Hohenrain,3
Hohentannen,3
Holderbank (AG),2
Holderbank (SO),3
Hölstein,2
Holziken,2
Homberg,3
Hombrechtikon,2
Homburg,3
Honau,2
Horgen,2
Höri,2
Horn,2
Hornussen,3
Horrenbach-Buchen,3
Horriwil,2
Horw,2
Hospental,3
Hubersdorf,2
Humlikon,3
Hundwil,3
Hünenberg,2
Hüniken,3
Hüntwangen,3
Hunzenschwil,2
Hüttikon,2
Hüttlingen,3
Huttwil,2
Hüttwilen,3
Icogne,2
Iffwil,3
Ilanz/Glion,2
Illgau,3
Illnau-Effretikon,2
Inden,3
Ingenbohl,3
Inkwil,3
Innerthal,3
Innertkirchen,3
Ins,2
Interlaken,2
Inwil,2
Ipsach,2
Iseltwald,3
Isenthal,3
Isérables,3
Islisberg,3
Isone,3
Itingen,2
Ittigen,2
Jaberg,2
Jaun,3
Jegenstorf,2
Jenaz,3
Jenins,3
Jens,2
Jonen,2
Jongny,2
Jonschwil,2
Jorat-Menthue,3
Jorat-Mézières,2
Jouxtens-Mézery,2
Juriens,3
Jussy,3
Kaiseraugst,2
Kaiserstuhl,2
Kaisten,3
Kallern,3
Kallnach,3
Kaltbrunn,3
Kammersrohr,3
Kandergrund,3
Kandersteg,3
Känerkinden,3
Kappel (SO),2
Kappel am Albis,3
Kappelen,2
Kaufdorf,2
Kehrsatz,2
Kemmental,3
Kernenried,3
Kerns,3
Kerzers,3
Kesswil,3
Kestenholz,3
Kienberg,3
Kiesen,2
Kilchberg (BL),3
Kilchberg (ZH),2
Killwangen,2
Kippel,3
Kirchberg (BE),2
Kirchberg (SG),2
Kirchdorf (BE),3
Kirchleerau,3
Kirchlindach,2
Kleinandelfingen,2
Kleinbösingen,2
Kleinlützel,3
Klingnau,2
Klosters-Serneus,2
Kloten,2
Knonau,2
Knutwil,3
Koblenz,3
Kölliken,2
Köniz,2
Konolfingen,2
Koppigen,3
Kradolf-Schönenberg,3
Krattigen,2
Krauchthal,3
Kreuzlingen,2
Kriechenwil,3
Kriegstetten,2
Kriens,2
Küblis,3
Künten,3
Küsnacht (ZH),2
Küssnacht (SZ),2
Küttigen,2
La Baroche,3
La Brévine,3
La Brillaz,3
La Chaux (Cossonay),3
La Chaux-de-Fonds,2
La Chaux-des-Breuleux,3
La Chaux-du-Milieu,3
La Côte-aux-Fées,3
La Ferrière,3
La Grande Béroche,3
La Neuveville,2
La Praz,3
La Punt-Chamues-ch,3
La Rippe,3
La Roche,3
La Sagne,3
La Sarraz,2
La Sonnaz,2
La Tène,2
La Tour-de-Peilz,2
La Verrerie,3
Laax,3
L'Abbaye,3
L'Abergement,3
Lachen,2
Laconnex,3
Lajoux (JU),3
Lalden,2
Lamone,2
Lampenberg,2
Lancy,2
Landiswil,3
Landquart,2
Langenbruck,3
Langendorf,2
Langenthal,2
Langnau am Albis,2
Langnau im Emmental,2
Langrickenbach,3
Lantsch/Lenz,3
Lauenen,3
Lauerz,3
Läufelfingen,3
Laufen,2
Laufenburg,3
Laufen-Uhwiesen,2
Laupen,2
Laupersdorf,3
Lauperswil,3
Lausanne,1
Lausen,2
Lauterbrunnen,3
Lauwil,3
Lavertezzo,2
Lavey-Morcles,2
Lavigny,2
Lavizzara,3
Lax,3
Le Bémont (JU),3
Le Cerneux-Péquignot,3
Le Châtelard,3
Le Chenit,2
Le Flon,3
Le Grand-Saconnex,2
Le Landeron,2
Le Lieu,3
Le Locle,2
Le Mont-sur-Lausanne,2
Le Mouret,2
Le Noirmont,3
Le Pâquier (FR),3
Le Vaud,2
Leibstadt,3
Leimbach (AG),3
Leissigen,3
Lengnau (AG),2
Lengnau (BE),2
Lengwil,3
Lenk,3
Lens,3
Lenzburg,2
Les Bois,3
Les Brenets,2
Les Breuleux,3
Les Clées,3
Les Enfers,3
Les Genevez (JU),3
Les Montets,3
Les Planchettes,3
Les Ponts-de-Martel,3
Les Verrières,3
Leuggern,3
Leuk,2
Leukerbad,2
Leutwil,3
Leuzigen,3
Leysin,2
Leytron,3
Lichtensteig,2
Liddes,3
Liedertswil,3
Liesberg,3
Liestal,2
Ligerz,3
Lignerolle,3
Lignières,3
Lindau,2
Linden,3
Linescio,3
L'Isle,3
Locarno,2
Lohn (GR),3
Lohn (SH),3
Lohn-Ammannsegg,2
Löhningen,3
Lommis,3
Lommiswil,3
Lonay,2
Longirod,3
Losone,2
Lostallo,3
Lostorf,2
Lotzwil,2
Lovatens,3
Loveresse,3
Lucens,3
Lufingen,2
Lugano,2
Lugnez,3
Luins,2
Lully (FR),3
Lully (VD),2
Lumino,2
Lumnezia,3
Lungern,3
Lupfig,2
Lupsingen,3
Lüscherz,3
Lussery-Villars,3
Lüsslingen-Nennigkofen,3
Lussy-sur-Morges,2
Luterbach,2
Lüterkofen-Ichertswil,2
Lüterswil-Gächliwil,3
Luthern,3
Lütisburg,3
Lutry,2
Lütschental,3
Lützelflüh,3
Lutzenberg,2
Luzein,3
Luzern,2
Lyss,2
Lyssach,3
Madiswil,3
Madulain,3
Magden,2
Mägenwil,2
Maggia,3
Magliaso,2
Maienfeld,3
Maisprach,3
Malans,3
Malters,2
Mammern,3
Mandach,3
Männedorf,2
Manno,2
Maracon,3
Marbach (SG),2
Marchissy,3
Marly,2
Maroggia,2
Marsens,2
Märstetten,3
Marthalen,2
Martigny,2
Martigny-Combe,2
Maschwanden,3
Masein,3
Massagno,2
Massongex,2
Massonnens,3
Mathod,3
Mathon,3
Matran,2
Matten bei Interlaken,2
Mattstetten,2
Matzendorf,3
Matzingen,2
Mauborget,3
Mauensee,3
Maur,2
Mauraz,3
Medel (Lucmagn),3
Meggen,2
Meienried,3
Meierskappel,3
Meikirch,3
Meilen,2
Meinier,2
Meinisberg,2
Meiringen,2
Meisterschwanden,3
Melano,2
Melchnau,3
Melide,2
Mellikon,3
Mellingen,2
Mels,2
Meltingen,2
Mendrisio,2
Ménières,3
Menziken,2
Menzingen,2
Menznau,3
Merenschwand,2
Mergoscia,3
Merishausen,3
Mervelier,3
Merzligen,3
Mesocco,3
Messen,3
Mettauertal,3
Mettembert,3
Mettmenstetten,2
Metzerlen-Mariastein,3
Mex (VD),3
Meyriez,2
Meyrin,2
Mézières (FR),3
Mezzovico-Vira,2
Miège,2
Mies,2
Miglieglia,3
Milvignes,2
Minusio,2
Mirchel,3
Misery-Courtion,3
Missy,3
Möhlin,2
Moiry,3
Mollens (VD),3
Molondin,3
Mönchaltorf,2
Montagny (FR),3
Montagny-près-Yverdon,2
Montanaire,3
Montcherand,3
Monteceneri,2
Monteggio,2
Montet (Glâne),3
Montfaucon,3
Mönthal,3
Montherod,3
Monthey,2
Montilliez,3
Mont-la-Ville,3
Mont-Noble,3
Montpreveyres,3
Montreux,2
Montricher,3
Mont-sur-Rolle,2
Mont-Tramelan,3
Mont-Vully,3
Moosleerau,3
Moosseedorf,2
Morbio Inferiore,2
Morcote,3
Mörel-Filet,3
Morges,2
Mörigen,2
Möriken-Wildegg,2
Morlon,2
Morrens (VD),2
Morschach,3
Mörschwil,2
Mosnang,3
Mötschwil,3
Moudon,2
Moutier,2
Movelier,3
Muhen,2
Mühlau,3
Mühleberg,3
Müllheim,2
Mülligen,2
Mümliswil-Ramiswil,3
Mumpf,2
Münchenbuchsee,2
Münchenstein,2
Münchenwiler,2
Münchwilen (AG),2
Münchwilen (TG),2
Münsingen,2
Münsterlingen,3
Muntelier,2
Müntschemier,3
Muolen,3
Muotathal,2
Muralto,2
Murgenthal,3
Muri (AG),2
Muri bei Bern,2
Muriaux,3
Murten,2
Mutrux,3
Muttenz,2
Muzzano,2
Naters,2
Nebikon,2
Neckertal,3
Neerach,2
Neftenbach,2
Neggio,2
Nendaz,2
Nenzlingen,3
Nesslau,3
Neuchâtel,2
Neuendorf,3
Neuenegg,2
Neuenhof,2
Neuenkirch,2
Neuhausen am Rheinfall,2
Neuheim,2
Neunforn,3
Neunkirch,2
Neyruz (FR),2
Nidau,2
Niederbipp,2
Niederbuchsiten,3
Niederbüren,3
Niederdorf,2
Niedergesteln,2
Niederglatt,2
Niedergösgen,2
Niederhasli,2
Niederhelfenschwil,3
Niederhünigen,2
Niederlenz,2
Niedermuhlern,3
Niederönz,2
Niederried bei Interlaken,3
Niederrohrdorf,2
Niederweningen,2
Niederwil (AG),2
Nods,3
Nottwil,3
Novaggio,2
Novalles,3
Novazzano,2
Noville,3
Nuglar-St. Pantaleon,3
Nunningen,2
Nürensdorf,2
Nusshof,3
Nuvilly,3
Nyon,2
Oberägeri,2
Oberbalm,3
Oberbipp,3
Oberbuchsiten,3
Oberbüren,2
Oberburg,2
Oberdiessbach,2
Oberdorf (BL),2
Oberdorf (NW),2
Oberdorf (SO),2
Oberegg,3
Oberembrach,3
Oberems,3
Oberengstringen,2
Oberentfelden,2
Obergerlafingen,2
Oberglatt,2
Obergoms,3
Obergösgen,2
Oberhallau,3
Oberhelfenschwil,3
Oberhof,3
Oberhofen am Thunersee,2
Oberhünigen,3
Oberiberg,3
Oberkirch,2
Oberkulm,3
Oberlangenegg,3
Oberlunkhofen,2
Obermumpf,3
Oberried am Brienzersee,3
Oberrieden,2
Oberriet (SG),2
Oberrohrdorf,2
Oberrüti,3
Obersaxen Mundaun,3
Obersiggenthal,2
Obersteckholz,3
Oberthal,3
Oberuzwil,2
Oberweningen,2
Oberwil (BL),2
Oberwil bei Büren,3
Oberwil im Simmental,3
Oberwil-Lieli,2
Obfelden,2
Ochlenberg,3
Oekingen,2
Oensingen,2
Oeschenbach,3
Oeschgen,2
Oetwil am See,2
Oetwil an der Limmat,2
Oftringen,2
Ogens,3
Ollon,3
Olsberg,3
Olten,2
Oltingen,3
Onex,2
Onnens (VD),3
Onsernone,3
Opfikon,2
Oppens,3
Oppligen,2
Orbe,2
Orges,3
Origlio,2
Ormalingen,2
Ormont-Dessous,3
Ormont-Dessus,3
Orny,3
Oron,2
Orpund,2
Orselina,2
Orsières,3
Orvin,3
Orzens,3
Ossingen,3
Ostermundigen,2
Otelfingen,2
Othmarsingen,2
Ottenbach,2
Oulens-sous-Echallens,3
Pailly,3
Pampigny,3
Paradiso,2
Paudex,2
Payerne,2
Penthalaz,2
Penthaz,2
Penthéréaz,3
Perly-Certoux,2
Perrefitte,3
Perroy,2
Personico,3
Péry-La Heutte,3
Peseux,2
Petit-Val,3
Pfäfers,3
Pfäffikon,2
Pfaffnau,3
Pfeffingen,2
Pfungen,2
Pfyn,3
Pierrafortscha,3
Pieterlen,2
Plaffeien,3
Plan-les-Ouates,2
Plasselb,2
Plateau de Diesse,3
Pleigne,3
Pohlern,3
Poliez-Pittet,3
Pollegio,3
Pompaples,3
Pomy,3
Ponte Capriasca,2
Ponte Tresa,2
Pont-en-Ogoz,3
Ponthaux,3
Pont-la-Ville,3
Pontresina,2
Porrentruy,2
Port,2
Port-Valais,2
Porza,2
Poschiavo,2
Prangins,2
Prato (Leventina),3
Pratteln,2
Pregny-Chambésy,2
Premier,3
Presinge,3
Préverenges,2
Prévondavaux,3
Prévonloup,3
Prez,3
Prilly,2
Provence,3
Puidoux,2
Pully,2
Puplinge,2
Pura,2
Quarten,3
Quinto,3
Radelfingen,3
Rafz,2
Rain,2
Ramlinsburg,3
Ramsen,3
Rances,3
Randa,3
Raperswilen,3
Rapperswil (BE),3
Rapperswil-Jona,2
Raron,2
Realp,3
Rebévelier,3
Rebstein,2
Recherswil,2
Rechthalten,3
Reconvilier,2
Regensberg,2
Regensdorf,2
Rehetobel,3
Reichenbach im Kandertal,3
Reichenburg,2
Reiden,3
Reigoldswil,3
Reinach (AG),2
Reinach (BL),2
Reisiswil,3
Reitnau,3
Rekingen (AG),3
Remaufens,2
Remetschwil,2
Remigen,3
Renan (BE),3
Renens (VD),2
Rennaz,2
Reute (AR),3
Reutigen,3
Reverolle,3
Rhäzüns,3
Rheinau,3
Rheineck,2
Rheinfelden,2
Rheinwald,3
Riaz,2
Richterswil,2
Rickenbach (BL),3
Rickenbach (LU),3
Rickenbach (SO),2
Rickenbach (TG),2
Rickenbach (ZH),2
Riddes,2
Ried bei Kerzers,3
Ried-Brig,2
Riederalp,3
Riedholz,2
Riehen,2
Riemenstalden,3
Rietheim,2
Rifferswil,3
Riggisberg,3
Ringgenberg (BE),2
Riniken,2
Risch,2
Riva San Vitale,2
Rivaz,2
Riviera,2
Roche (VD),2
Rochefort,3
Roches (BE),3
Rodersdorf,3
Roggenburg,3
Roggliswil,3
Roggwil (BE),3
Roggwil (TG),2
Rohr (SO),3
Rohrbach,3
Rohrbachgraben,3
Rolle,2
Romainmôtier-Envy,3
Romanel-sur-Lausanne,2
Romanel-sur-Morges,3
Romanshorn,2
Römerswil,3
Romont (BE),3
Romont (FR),2
Romoos,3
Ronco sopra Ascona,2
Rongellen,3
Root,2
Ropraz,3
Rorbas,2
Rorschach,2
Rorschacherberg,2
Röschenz,2
Rossa,3
Rossemaison,2
Rossenges,3
Rossinière,3
Röthenbach im Emmental,3
Rothenbrunnen,3
Rothenburg,2
Rothenfluh,3
Rothenthurm,3
Rothrist,3
Rottenschwil,3
Rougemont,3
Roveredo (GR),3
Rovio,2
Rovray,3
Rubigen,2
Rüderswil,3
Rüdlingen,3
Rudolfstetten-Friedlisberg,2
Rüdtligen-Alchenflüh,2
Rue,3
Rüeggisberg,3
Rüegsau,3
Rueyres,3
Rüfenach,2
Rumendingen,3
Rümikon,3
Rumisberg,3
Rümlang,2
Rümligen,2
Rümlingen,3
Rünenberg,3
Rupperswil,2
Rüschegg,3
Rüschlikon,2
Russikon,2
Russin,3
Ruswil,2
Rüte,3
Rüthi (SG),3
Rüti (ZH),2
Rüti bei Büren,3
Rüti bei Lyssach,3
Rütschelen,3
Rüttenen,2
Saanen,2
Saas-Almagell,3
Saas-Balen,3
Saas-Fee,2
Saas-Grund,3
Sachseln,2
Safenwil,2
Safiental,3
Safnern,2
Sagogn,3
Saicourt,3
Saignelégier,2
Saillon,2
Saint-Aubin (FR),3
Saint-Barthélemy (VD),3
Saint-Blaise,2
Saint-Brais,3
Saint-Cergue,3
Sainte-Croix,2
Saint-George,3
Saint-Gingolph,3
Saint-Imier,2
Saint-Légier-La Chiésaz,2
Saint-Léonard,2
Saint-Livres,3
Saint-Martin (FR),3
Saint-Martin (VS),3
Saint-Maurice,2
Saint-Oyens,3
Saint-Prex,2
Saint-Saphorin (Lavaux),2
Saint-Sulpice (VD),2
Salenstein,3
Sâles,3
Salgesch,3
Salmsach,2
Salvan,3
Samedan,2
Samnaun,3
San Vittore,2
Santa Maria in Calanca,3
Sant'Antonino,2
Sargans,2
Sarmenstorf,3
Sarnen,2
Satigny,2
Sattel,3
Saubraz,2
Sauge,3
Saulcy,3
Saules (BE),3
Savièse,2
Savigny,3
Savosa,2
Saxeten,3
Saxon,2
Schaffhausen,2
Schafisheim,2
S-chanf,3
Schangnau,3
Schänis,2
Scharans,3
Schattdorf,2
Schattenhalb,2
Schelten,3
Schenkon,2
Scheuren,2
Schiers,2
Schinznach,2
Schlatt (TG),3
Schlatt (ZH),3
Schlatt-Haslen,3
Schleinikon,2
Schleitheim,2
Schlierbach,3
Schlieren,2
Schlossrued,3
Schluein,3
Schmerikon,2
Schmiedrued,3
Schmitten (FR),2
Schmitten (GR),3
Schneisingen,2
Schnottwil,3
Schöfflisdorf,2
Schöftland,2
Schönenbuch,3
Schönengrund,3
Schönenwerd,2
Schongau,3
Schönholzerswilen,3
Schötz,3
Schübelbach,2
Schupfart,3
Schüpfen,2
Schüpfheim,2
Schwaderloch,3
Schwadernau,2
Schwanden bei Brienz,2
Schwarzenberg,3
Schwarzenburg,2
Schwarzhäusern,3
Schwellbrunn,3
Schwende,3
Schwerzenbach,2
Schwyz,2
Scuol,2
Seeberg,3
Seedorf (BE),2
Seedorf (UR),2
Seegräben,2
Seehof,3
Seelisberg,3
Seengen,3
Seewen,3
Seewis im Prättigau,3
Seftigen,2
Seltisberg,2
Selzach,2
Sembrancher,3
Sempach,3
Semsales,3
Senarclens,3
Senèdes,3
Sennwald,3
Seon,3
Sergey,3
Serravalle,3
Servion,3
Sessa,2
Seuzach,2
Sévaz,3
Sevelen,2
Sévery,3
Siblingen,3
Sierre,2
Siglistorf,3
Signau,3
Signy-Avenex,2
Sigriswil,2
Silenen,3
Sils im Domleschg,3
Sils im Engadin/Segl,3
Silvaplana,3
Simplon,3
Sins,2
Sion,2
Sirnach,2
Siselen,3
Sisikon,3
Sissach,2
Sisseln,2
Siviriez,3
Soazza,3
Solothurn,2
Sommeri,3
Sonceboz-Sombeval,3
Sonogno,3
Sonvilier,3
Soral,2
Sorengo,2
Sorens,3
Sorvilier,3
Soubey,3
Soyhières,3
Speicher,2
Spiez,2
Spiringen,3
Spreitenbach,2
St. Antoni,3
St. Gallen,2
St. Margrethen,2
St. Moritz,2
St. Niklaus,3
St. Silvester,3
St. Stephan,3
St. Ursen,3
Stabio,2
Stadel,2
Stäfa,2
Staffelbach,3
Stalden (VS),3
Staldenried,3
Stallikon,2
Stammheim,3
Stans,2
Stansstad,2
Starrkirch-Wil,2
Staufen,2
Steckborn,2
Steffisburg,2
Steg-Hohtenn,2
Stein (AG),2
Stein (AR),3
Stein am Rhein,2
Steinach,2
Steinen,3
Steinerberg,3
Steinhausen,2
Steinmaur,2
Stetten (AG),2
Stetten (SH),3
Stettfurt,3
Stettlen,2
Stocken-Höfen,3
Strengelbach,2
Studen (BE),2
Stüsslingen,3
Subingen,2
Suchy,3
Sufers,3
Suhr,2
Sulgen,3
Sullens,3
Sumiswald,3
Sumvitg,3
Surpierre,3
Sursee,2
Surses,3
Suscévaz,3
Sutz-Lattrigen,2
Syens,3
Tafers,2
Tägerig,2
Tägerwilen,3
Tamins,3
Tannay,2
Tartegnin,2
Täsch,3
Täuffelen,2
Tavannes,2
Tecknau,3
Tegerfelden,3
Tenero-Contra,2
Tenniken,3
Tentlingen,2
Termen,2
Terre di Pedemonte,2
Teufen (AR),2
Teufenthal (AG),3
Teuffenthal (BE),3
Tévenon,3
Thal,2
Thalheim (AG),3
Thalheim an der Thur,3
Thalwil,2
Thayngen,2
Therwil,2
Thierachern,2
Thônex,2
Thörigen,3
Thun,2
Thundorf,3
Thunstetten,3
Thurnen,2
Thürnen,2
Thusis,2
Titterten,3
Tobel-Tägerschen,3
Toffen,2
Tolochenaz,2
Törbel,3
Torny,3
Torricella-Taverne,2
Trachselwald,3
Tramelan,2
Trasadingen,2
Treiten,3
Trélex,2
Trey,3
Treycovagnes,2
Treytorrens (Payerne),3
Treyvaux,2
Triengen,2
Trient,3
Trimbach,2
Trimmis,2
Trin,3
Trogen,2
Troinex,2
Troistorrents,2
Trub,3
Trubschachen,3
Trüllikon,3
Trun,3
Truttikon,3
Tschappina,3
Tschiertschen-Praden,3
Tschugg,3
Tübach,2
Tuggen,2
Tujetsch,3
Turbenthal,2
Turgi,2
Turtmann-Unterems,3
Twann-Tüscherz,3
Udligenswil,2
Ueberstorf,3
Uebeschi,3
Ueken,2
Uerkheim,3
Uesslingen-Buch,3
Uetendorf,2
Uetikon am See,2
Uezwil,3
Ufhusen,3
Uitikon,2
Ulmiz,3
Unterägeri,2
Unterbäch,3
Untereggen,3
Unterengstringen,2
Unterentfelden,2
Unteriberg,3
Unterkulm,3
Unterlangenegg,3
Unterlunkhofen,2
Unterramsern,3
Unterschächen,3
Unterseen,2
Untersiggenthal,2
Untervaz,2
Urdorf,2
Urmein,3
Urnäsch,3
Ursenbach,3
Ursins,3
Ursy,3
Urtenen-Schönbühl,2
Uster,2
Uttigen,2
Uttwil,2
Utzenstorf,3
Uznach,2
Uzwil,2
Vacallo,2
Val Müstair,3
Val Terbi,2
Valangin,3
Valbirse,2
Valbroye,3
Val-de-Charmey,2
Val-de-Ruz,2
Val-de-Travers,2
Val-d'Illiez,3
Valeyres-sous-Montagny,2
Valeyres-sous-Rances,3
Valeyres-sous-Ursins,3
Vallon,3
Vallorbe,2
Vals,3
Valsot,3
Vandoeuvres,2
Varen,3
Vaulion,3
Vaulruz,3
Vaux-sur-Morges,2
Vaz/Obervaz,3
Vechigen,2
Veltheim (AG),2
Vendlincourt,3
Venthône,2
Vernate,2
Vernayaz,2
Vernier,2
Vérossaz,3
Versoix,2
Vétroz,2
Vevey,2
Vex,3
Veyras,2
Veyrier,2
Veysonnaz,3
Veytaux,2
Vezia,2
Vich,2
Vico Morcote,3
Villarsel-sur-Marly,3
Villars-Epeney,3
Villars-le-Comte,3
Villars-le-Terroir,2
Villars-Sainte-Croix,2
Villars-sous-Yens,3
Villars-sur-Glâne,2
Villarzel,3
Villaz,3
Villeneuve (VD),2
Villeret,2
Villigen,3
Villmergen,2
Villnachern,3
Villorsonnens,3
Vilters-Wangs,2
Vinelz,3
Vinzel,2
Vionnaz,2
Visp,2
Visperterminen,3
Vitznau,3
Vogorno,3
Volken,2
Volketswil,2
Vollèges,3
Vordemwald,3
Vorderthal,3
Vouvry,2
Vuadens,2
Vuarrens,3
Vucherens,3
Vufflens-la-Ville,3
Vufflens-le-Château,2
Vugelles-La Mothe,3
Vuisternens-devant-Romont,3
Vuiteboeuf,3
Vulliens,3
Vullierens,3
Vully-les-Lacs,3
Wachseldorn,3
Wädenswil,2
Wagenhausen,2
Wahlen,2
Walchwil,2
Wald (AR),3
Wald (BE),3
Wald (ZH),2
Waldenburg,3
Wäldi,3
Waldkirch,2
Waldstatt,2
Walenstadt,2
Walkringen,3
Wallbach,2
Wallisellen,2
Walliswil bei Niederbipp,3
Walliswil bei Wangen,3
Walperswil,3
Waltenschwil,2
Walterswil (BE),3
Walterswil (SO),2
Walzenhausen,2
Wangen (SZ),2
Wangen an der Aare,3
Wangen bei Olten,2
Wangen-Brüttisellen,2
Wangenried,3
Wängi,2
Wartau,3
Warth-Weiningen,3
Wassen,3
Wasterkingen,3
Wattenwil,2
Wattwil,2
Wauwil,3
Weesen,2
Wegenstetten,2
Weggis,2
Weiach,2
Weinfelden,2
Weiningen (ZH),2
Weisslingen,2
Welschenrohr,3
Wengi,3
Wenslingen,3
Werthenstein,3
Wettingen,2
Wettswil am Albis,2
Wetzikon (ZH),2
Wichtrach,2
Widen,2
Widnau,2
Wiedlisbach,3
Wiesendangen,2
Wiggiswil,3
Wigoltingen,3
Wikon,2
Wil (SG),2
Wil (ZH),3
Wila,2
Wilchingen,3
Wildberg,3
Wilderswil,2
Wildhaus-Alt St. Johann,3
Wilen (TG),2
Wiler (Lötschen),3
Wiler bei Utzenstorf,3
Wileroltigen,3
Wiliberg,3
Willadingen,3
Willisau,2
Wimmis,2
Windisch,2
Winkel,2
Wintersingen,3
Winterthur,2
Winznau,2
Wisen (SO),3
Wislikofen,3
Wittenbach,2
Witterswil,2
Wittinsburg,3
Wittnau,3
Wohlen (AG),2
Wohlen bei Bern,2
Wohlenschwil,2
Wolfenschiessen,3
Wolfhalden,2
Wölflinswil,3
Wolfwil,3
Wolhusen,2
Wollerau,2
Worb,2
Worben,2
Wünnewil-Flamatt,2
Wuppenau,3
Würenlingen,2
Würenlos,2
Wynau,3
Wynigen,3
Wyssachen,3
Yens,3
Yverdon-les-Bains,2
Yvonand,2
Yvorne,3
Zäziwil,2
Zeglingen,3
Zeihen,3
Zeiningen,2
Zell (LU),3
Zell (ZH),2
Zeneggen,3
Zermatt,2
Zernez,3
Zetzwil,3
Ziefen,3
Zielebach,2
Zihlschlacht-Sitterdorf,3
Zillis-Reischen,3
Zizers,2
Zofingen,2
Zollikofen,2
Zollikon,2
Zuchwil,2
Zufikon,2
Zug,2
Zullwil,2
Zumikon,2
Zunzgen,2
Zuoz,3
Zürich,1
Zuzgen,3
Zuzwil (BE),3
Zuzwil (SG),2
Zweisimmen,3
Zwieselberg,3
Zwingen,2
Zwischbergen,3